SHOOTER,Chris Paul,Russell Westbrook,Seth Curry,Trae Young
Chris Paul,--,0.2236842105263158,0.5507246376811594,0.704225352112676
Russell Westbrook,0.25806451612903225,--,0.13636363636363635,0.5483870967741935
Seth Curry,0.5777777777777777,0.25,--,0.8703703703703703
Trae Young,0.5537190082644629,0.28703703703703703,0.44,--
